Date,Platja,Municipi o comarca,Sexe,Age,Nationality or undocumented,Baywatch (Surveillance),Flag,Morts,Extra info
16/06/2024,Platja Santa Margarida de Roses,Alt Empordà,Home,65,espanyola,sí,Groga,1,16/06/2024: platja Santa Margarida de Roses. Home de 65 anys i nacionalitat espanyola. Vigilància i bandera groga per onatge
21/06/2024,Platja de Creixell (Tarragonès,Tarragonès,Home,77,espanyola,Sense servei de vigilància,No,1,21/06/2024: Platja de Creixell (Tarragonès). Home de 77 anys i nacionalitat espanyola. El servei de vigilància no comença fins el 26 de juny.
24/06/2024,Platja de la Ribera de Sitges (Garraf,Garraf,Home,55,desconeguda,No havia començat,Desconeguda,1,"24/06/2024: platja de la Ribera de Sitges (Garraf). Home de 55 anys tret de l’aigua inconscient, reanimació sense èxit. No vigilància. Ha passat de matinada."
25/06/2024,Platja de la Gola del Ter,Baix Empordà,Home,74,espanyola,Sí,Verda,1,"25/06/2024: Platja de la Gola del Ter, a Torroella de Montgrí (Baix Empordà). Home de 74 anys i nacionalitat espanyola. Platja vigilada i bandera verda."
27/06/0202,Platja de Torre Valentina a Calonge i Sant Antoni (Baix E,Baix Empordà,Home,54,russa,Desconegut,Desconeguda,1,27/06/02024: platja de Torre Valentina a Calonge i Sant Antoni (Baix Empordà). Home de 54 anys de nacionalitat russa. Primer avís al 112 a les 21.19h
17/07/2024,Platja Estany Gelat (Mont-roig del Camp,Baix Camp,Home,77,espanyola,Sí,Verda,1,"17/07/2024: home 77 anys de nacionalitat espanyola, platja Estany Gelat (Mont-roig del Camp, Baix Camp), vigilada i amb bandera verda"
20/07/2024,Platja de Portbou (Alt Empordà,Alt Empordà,Home,45,francesa,Sense servei de vigilància,No,1,20/07/2024: Home de 45 anys de nacionalitat francesa. Platja de Portbou (Alt Empordà). Platja no vigilada.
21/07/2024,Platja de la Llosa (Cambrils,Baix Camp,Dona,76,espanyola,Desconegut,Groga,1,"21/07/2024: Platja de la Llosa (Cambrils), dona        espanyola de 76 anys, amb bandera groga, traslladada critica al Hospital de St. Joan de Reus, on va morir"
21/07/2024,Platja de Cap de Sant Pere (Cambrils,Baix Camp,Home,36,neerlandesa,Desconegut,Groga,1,"21/07/2024: platja de Cap de Sant Pere (Cambrils) amb bandera groga, home de 36 anys i nacionalitat neerlandesa, traslladat al Hospital Joan XXIII en estat crític, on va morir"
25/07/2024,Far de Sarnella (Port de la Selva),Alt Empordà,Home,73,francesa,Sense servei de vigilància,No,1,"25/07/2024: home de 73 anys de nacionalitat francesa, a la zona del far de Sarnella (Port de la Selva), platja no vigilada, maniobra RCP a lloc sense èxit, SEM ha activat una ambulància medicalitzada i una ambulància de suport vital bàsic"
25/07/2024,Platja de l’Estany de Calafell,Baix Penedès,Home,84,espanyola,Sí,Groga,1,"25/07/24: home de 84 anys de nacionalitat espanyola, platja de l’Estany de Calafell, vigilada i amb bandera groga. RCP sense èxit, SEM amb 2 unitats terrestre i 1 helicòpter"
01/08/2024,Platja del Cavaió de Canet de Mar (Maresme,Maresme,Home,85,espanyola,sí,Verda,1,01/08/24: Home de 85 anys i nacionalitat espanyola a la platja del Cavaió de Canet de Mar (Maresme). Platja vigilada i amb bandera verda
10/08/2024,Cala Montgó (Torroella de Montgrí,Baix Empordà,Home,83,suissa,No havia començat,Desconeguda,1,10/08/24: Home suís de 83 anys ofegat a la Cala Montgó (Torroella de Montgrí). El servei de vigilància encara no havia començat
12/08/2024,Platja de Llafranc de Palafrugell (Baix Empordà,Baix Empordà,Home,83,desconeguda,Sí,Verda,1,12/08/24: home de 83 anys a la platja de Llafranc de Palafrugell (Baix Empordà). Platja vigilada i bandera verda.
21/08/2024,Platja de Port Bo de Palafrugell (Baix Empordà,Baix Empordà,Home,68,desconeguda,Sí,Verda,1,21/08/24: home de 68 anys a la platja de Port Bo de Palafrugell (Baix Empordà). Platja vigilada i bandera verda.
29/08/2024,Platja d’en Goixa de Colera (Alt Empordà,Alt Empordà,Dona,88,espanyola,Sense servei de vigilància,No,1,29/08/24: dona de 88 anys i nacionalitat espanyola a platja d’en Goixa de Colera (Alt Empordà). No vigilada.
07/09/2024,Platja del Rec del Molí (L'Esclaa),Alt Empordà,Home,60,alemanya,No,Desconeguda,1,"07/09/24: Home de 60 anys nacionalitat alemanya. Platja del Rec del Molí de l’Escala. Platja sense vigilància, però dia de mala mar a les platges properes"
14/09/2024,Cala Montgó (L'Escala),Alt Empordà,Home,59,francesa,Desconegut,Desconeguda,1,14/09/24: Home de 59 anys i nacionalitat francesa. S’ha ofegat a la Cala Montgó de l’Escala mentre feia submarinisme nocturn.
17/06/2023,Platja de la Llosa,Baix Camp,Dona,74,alemanya,Sí,Verda,1,17/06/2023: Platja de la Llosa. Cambrils (Baix Camp) Dona alemana de 74 anys. Platja vigilada i amb bandera verda
23/06/2023,Platja de Riells,Alt Empordà,Home,83,espanyola,Sí,Verda,1,23/06/2023: Platja de Riells. L’Escala (Alt Empordà). Home de 83 anys i nacionalitat espanyola. Platja vigilada i amb bandera verda
26/06/2023,Club Nàutic Creixell,Tarragonès,Home,80,espanyola,Sí,Verda,1,26/06/2023: Club Nàutic Creixell. Creixell (Tarragonès). Home espanyol de 80 anys. Platja vigilada i amb bandera verda.
27/06/2023,Cala Montgó (Torroella de Montgrí,Baix Empordà,Home,63,espanyola,Sense servei de vigilància,No,1,27/06/2023: Cala Montgó (Torroella de Montgrí). Home de 63 anys i nacionalitat espanyola. Platja no vigilada
29/06/2023,Platja de Ponent de Cunit (Baix Penedès,Baix Penedès,Dona,77,francesa,No havia començat,Desconeguda,1,29/06/2023: Platja de Ponent de Cunit (Baix Penedès). Dona francesa de 77 anys. El servei de vigilància estava començant
01/07/2023,Platja de Llevant a Salou (Tarragonès,Tarragonès,Dona,56,espanyola,Sí,Groga,1,01/07/2023: Platja de Llevant a Salou (Tarragonès). Dona de 56 anys de nacionalitat espanyola. Servei de vigilància actiu i bandera groga
08/07/2023,Platja del Salatar de Roses (Alt Empordà,Alt Empordà,Home,55,desconeguda,Desconegut,Groga,1,08/07/2023: Platja del Salatar de Roses (Alt Empordà). Home de 55 anys. Es desconeix nacionalitat. Vigilància i bandera groga per estat de la mar
08/07/2023,Platja del Miracle de Tarragona (Tarragonès,Tarragonès,Home,32,india,Sí,Groga,1,08/07/2023: Platja del Miracle de Tarragona (Tarragonès). Home indi de 32 anys. Platja vigilada i bandera groga per estat de la mar
08/07/2023,Platja de la Rovina de Castelló d’Empúries (Alt Empordà,Alt Empordà,Home,60,cubana,Sí,Groga,1,08/07/2023: Platja de la Rovina de Castelló d’Empúries (Alt Empordà). Home cubà de 60 anys. Platja vigilada i bandera groga per estat de la mar
09/07/2023,Platja de l’Estartit (Baix Empordà,Baix Empordà,Home,65,desconeguda,Sí,Groga,1,09/07/2023: Platja de l’Estartit (Baix Empordà). Home de 65 anys. Platja vigilada i bandera groga per estat de la mar
11/07/2023,Platja llarga de Salou (Tarragonès,Tarragonès,Dona,80,desconeguda,Sí,Verda,1,11/07/2023: Platja llarga de Salou (Tarragonès). Dona de 80 anys. Platja vigilada i bandera verda
12/07/2023,Platja de la Paella de Torredembarra (Tarragonès,Tarragonès,Home,87,espanyola,Sí,Groga,1,12/07/2023: Platja de la Paella de Torredembarra (Tarragonès). Home de 87 anys i nacionalitat espanyola. Platja vigilada i bandera groga per estat de la mar
13/07/2023,Platja d’Altafulla (Tarragonès,Tarragonès,Dona,77,espanyola,Desconegut,Verda,1,13/07/2023: Platja d’Altafulla (Tarragonès). Dona de 77 anys espanyola. Ferida crítica i traslladada a l’hospital Santa tecla de tarragona. Ha mort allà el mateix dia. Bandera verda
20/07/2023,Platja de Sant Gervasi,Garraf,Home,80,espanyola,Desconegut,Verda,1,"20/07/2023: Platja de Sant Gervasi, Vilanova i la Geltrú (Garraf). Home espanyol de 80 anys. RPC infructuosa, èxitus al lloc. Bandera verda"
24/07/2023,Platja Somorrostro ,Barcelona,Dona,88,desconeguda,No havia començat,Desconeguda,1,"24/07/2023: Platja Somorrostro Bcn. Dona de 88 anys. Traslladada en estat critic a l’Hospital del Mar, on ha mort. No havia començat el servei"
26/07/2023,Platja del Miracle ,Tarragona,Home,25,desconeguda,Servei de vigilància finalitzat,Desconeguda,1,26/07/2023: Platja Miracle tarragona. Home d’uns 25 anys. Havia acabat el servei de vigilància.
01/08/2023,Platja del Miracle ,Tarragona,Home,40,italiana,Desconegut,Groga,1,"01/08/2023: Platja del Miracle Tarragona. Home italià de 40 anys. RCP no recuperat, èxitus. Bandera groga"
02/08/2023,Platja de Gavà ,Garraf,Home,50,desconeguda,Desconegut,Groga,1,02/08/2023: Platja de Gavà (Garraf). Home 45-50 anys. Trobat inconscient surant damunt taula de paddle surf. Bandera groga
02/08/2023,Platja Castelló Empúries (Alt Empordà),Alt Empordà,Dona,9,desconeguda,Sense servei de vigilància,No,1,"02/08/2023: Platja Castelló Empúries (Alt Empordà). Nena de 9 anys, ingressada dia 29 de juliol, mor a Hospital Trueta de Girona. Sense servei de vigilància"
11/08/2023,Desembocadura riu Besòs ,Barcelonès,Home,72,espanyola,Desconegut,Desconeguda,1,11/08/2023: Desembocadura riu Besòs (Barcelonès). Home de 72 anys i de nacionalitat espanyola que s’estava banyant amb uns companys i no ha pogut tornar a l’embarcació en la que anava.
15/08/2023,Platja de la Roca Grossa (Sant Pol de Mar ),Maresme,Home,27,colombiana,No havia començat,Desconeguda,1,"15/08/2023: Platja de la Roca Grossa, Sant Pol de Mar (Maresme) Home de 27 anys de nacionalitat colombiana. fora de servei de vigilància"
21/08/2023,Platja de l’Alguer (l’Ametlla de Mar),Baix Ebre,Home,83,espanyola,Servei de vigilància finalitzat,Desconeguda,1,21/08/2023: Platja de l’Alguer (l’Ametlla de Mar) Home 83 anys (no confirmat per mossos) de nacionalitat espanyola. Fora horari vigilància
23/08/2023,Platja La Pineda (Vila-Seca),Tarragonès,Home,70,espanyola,Desconegut,Verda,1,"23/08/2023: Platja La Pineda (Vila-Seca) Home de 70 anys de nacionalitat espanyola. Desmaiat a l’aigua, l’han tret de l’aigua i ha mort. Bandera verda"
04/09/2023,Platja de Castell-Platja d’Aro (Castell-Platja d’Aro),Baix Empordà,Home,28,marroquina,Desconegut,Desconeguda,1,04/09/2023: Platja de Castell-Platja d’Aro (Castell-Platja d’Aro) Home de 28 anys de nacionalitat marroquina. Hi havia mala mar
07/09/2023,Platja de Cavaió (Canet de Mar),Canet de Mar,Dona,50,Indocumentat/da,Desconegut,Verda,1,07/09/2023: Platja de Cavaió (Canet de Mar) Dona d’uns 50 anys indocumentada morta malgrat maniobres de reanimació. Bandera verda
19/06/2022,Platja el Rastrell (Roses),Alt Empordà,Home,60,desconeguda,Sense servei de vigilància,No,1,19/06/2022: Platja el Rastrell. Roses (Alt Empordà) Home d’uns 60 anys. Sense informació sobre la nacionalitat. Platja no vigilada
23/06/2022,Platja del Cortal de la Devesa (Sant Pere Pescador),Alt Empordà,Home,74,alemanya,Sí,Groga,1,23/06/2022: Platja del Cortal de la Devesa a Sant Pere Pescador (Alt Empordà). Home de 74 anys i nacionalitat alemanya. Platja vigilada i amb bandera groga
24/06/2022,Cala canyelles de Lloret de Mar (La Selva,Alt Empordà,Home,60,espanyola,Sí,Groga,1,24/06/2022: zona cala canyelles de Lloret de Mar (La Selva). Home d’uns 60 anys i nacionalitat espanyola. Platges de la zona vigilades i amb bandera groga per mala mar
24/06/2022,Cala canyelles de Lloret de Mar (La Selva,Alt Empordà,Dona,50,espanyola,Sí,Groga,1,24/06/2022: zona cala canyelles de Lloret de Mar (La Selva). Dona d’uns 50 anys i nacionalitat espanyola. Platges zona vigilades i amb bandera groga per mala mar.
30/06/2022,Platja Nova de Roses (Roses),Alt Empordà,Dona,78,francesa,Sí,Verda,1,30/06/2022: Platja Nova de Roses (Alt Empordà). Dona francesa de 78 anys ofegada. Platja vigilada i amb bandera verda.
04/07/2022,Platja de Gavà (Baix Llobregat ,Baix Llobregat (Baix Llobregat,Dona,70,espanyola,Sí,Verda,1,04/07/2022: Platja de Gavà (Baix Llobregat (Baix Llobregat). Dona espanyola de 70 anys ofegada. Platja vigilada i amb bandera verda.
15/07/2022,Platja d’Empuriabrava (Alt Empordà),Alt Empordà,Home,75,desconeguda,Sí,Verda,1,15/07/2022: Platja d’Empuriabrava (Alt Empordà). Home d’uns 75 anys indocumentat. Platja vigilada i bandera verda
17/07/2022,Platja Cristall  (Mont-roig del Camp),Baix Camp,Home,73,francesa,Sí,Verda,1,17/07/2022: Platja Cristall Mont-roig del Camp. Home francès de 73 anys. Platja vigilada i bandera verda
17/07/2022,Platja Cambrils,Baix Camp,Home,60,espanyola,Sí,Verda,1,17/07/2022: platja Cambrils. Home espanyol d’uns 60 anys. Platja vigilada i bandera verda
22/07/2022,Platja de l’Escala,Alt Empordà,Home,68,belga,Sí,Verda,1,"22/07/2022: Platja de l’Escala. Home de 68 anys i nacionalitat belga, Platja de les muscleres. Platja vigilada i amb bandera verda"
26/07/2022,Platja Ribes Roges ,Garraf,Home,50,desconeguda,Sí,Desconeguda,1,"26/07/2022: Platja Ribes Roges de Vilanova i la Geltrú. Home de mitjana edat, sense identificar. Platja vigilada però encara no havia començat el servei de vigilància."
28/07/2022,Platja de Terramar ,Garraf,Dona,67,espanyola,Servei de vigilància finalitzat,Desconeguda,1,28/07/2022: Platja de Terramar de Sitges. Dona de 67 anys de nacionalitat espanyola. Servei vigilància finalitzat
30/07/2022,Platja de Terramar ,Garraf,Home,74,espanyola,Sí,Verda,1,30/07/2022: Platja de Terramar de Sitges. Home de 74 anys de nacionalitat espanyola. Platja vigilada i amb bandera verda
07/08/2022,Platja de l’Estartit (Baix Empordà,Baix Empordà,Home,59,marroquina,Sí,Verda,1,07/08/2022: Platja de l’Estartit (Baix Empordà). Home de 59 anys de nacionalitat marroquina. Platja vigilada i amb bandera verda
09/08/2022,Cala al costat de la platja de l’Estany Podrit a l’Ametlla de Mar,Baix Ebre,Home,70,francesa,Sense servei de vigilància,No,1,09/8/2022: petita cala al costat de la platja de l’Estany Podrit a l’Ametlla de Mar (Baix Ebre). Home de 70 anys de nacionalitat francesa. Platja no vigilada.
09/08/2022,Platja de l’Arenal de Vandellòs i l’Hospitalet de l’Infan,Baix Camp,Home,79,espanyola,Sí,Verda,1,09/8/2022: platja de l’Arenal de Vandellòs i l’Hospitalet de l’Infant (Baix Camp). Home de 79 anys de nacionalitat espanyola. Platja vigilada i amb bandera verda
09/08/2022,Platja de l’Arenal de Vandellòs i l’Hospitalet de l’Infant,Baix Camp,Home,88,desconeguda,Sí,Verda,1,09/8/2022: platja de l’Arenal de Vandellòs i l’Hospitalet de l’Infant (Baix Camp). Home de 88 anys. Trasllat en estat crític a Hospital Joan XXIII i mor posteriorment a l’hospital. Platja vigilada i amb bandera verda.
18/08/2022,Platja de Capellans de Salou (Tarragonès,Tarragonès,Home,46,romanesa,Sí,Groga,1,18/8/2022: platja de Capellans de Salou (Tarragonès). Home de 46 anys de nacionalitat romanesa. Platja vigilada i amb bandera groga. Ha passat en el moment de canvi a bandera vermella per vent de mestral.
18/08/2023,Platja de Capellans de Salou (Tarragonès,Tarragonès,Home,60,romanesa,Sí,Groga,1,18/8/2022: platja de Capellans de Salou (Tarragonès). Home de 60 anys de nacionalitat romanesa. Platja vigilada i amb bandera groga. Ha passat en el moment de canvi a bandera vermella per vent de mestral.
18/08/2024,Platja de Capellans de Salou (Tarragonès,Tarragonès,Home,15,romanesa,Sí,Groga,1,"18/8/2022: platja de Capellans de Salou (Tarragonès). Noi de 15 anys de nacionalitat romanesa, fill de l’home ofegat de 46 anys. Platja vigilada i amb bandera groga. Ha passat en el moment de canvi a bandera vermella per vent de mestral. Traslladat en estat crític a l’hospital Joan XXIII on ha mort hores més tard."
20/08/2022,Platja de la cala Pelosa (Roses),Alt Empordà,Home,71,francesa,Sense servei de vigilància,No,1,20/8/2022 Platja de la cala Pelosa. Home de 71 anys de nacionalitat francesa. Platja no vigilada. Rescatat per una embarcació i traslladat a la platja.
20/08/2022,Platja de la Barceloneta (Barcelona,Barcelona,Home,50,desconeguda,Desconegut,Desconeguda,1,20/8/2022 platja de la Barceloneta (Barcelona). Home de mitjana edat. Mort a l’hospital dia després.
25/08/2022,Platja de llevant,Tarragonès,Home,86,alemanya,Sí,Verda,1,"25/8/2022 platja de llevant, a Salou. Home alemany de 86 anys. Platja vigilada i bandera verda"
27/08/2022,Platja del Moll Grec de l’Escala,Alt Empordà,Home,78,espanyola,Desconegut,Desconeguda,1,27/08/2022 Platja del Moll Grec de l’Escala. Home de 78 anys de nacionalitat espanyola. Home amb aturada càrdio-respiratòria en zona accessible. Traslladat crític a Trueta. Va morir el dimarts 30/08 a l’Hospital
07/09/2022,Platja Gran de Tossa de Mar,La Selva,Home,76,espanyola,Sí,Groga,1,Platja Gran de Tossa de Mar. Home de 76 anys i nacionalitat espanyola mort. Platja vigilada i amb bandera groga per estat de la mar
18/06/2021,Platja Rec del Molí (L'Escala),Alt Empordà,Home,89,espanyola,Sense servei de vigilància,Desconeguda,1,18/06/2021: Platja Rec del Molí. L’Escala. (Alt Empordà) Home de 89 anys de nacionalitat espanyola. No vigilada
18/06/2021,Platja de Creixell,Tarragonès,Home,59,espanyola,Sense servei de vigilància,Desconeguda,1,18/06/2021: Platja de Creixell. Creixell (Tarragonès) Home de 59 anys de nacionalitat espanyola. No vigilada
30/06/2021,Platja del Moll Grec de l’Escala (Alt Empordà,Alt Empordà,Dona,83,francesa,Sí,Verda,1,30/06/2021: Platja del Moll Grec de l’Escala (Alt Empordà). Dona francesa de 83 anys. Platja vigilada amb bandera verda
01/07/2021,Platja dels Muntanyans (Torredembarra,Tarragonès,Home,75,espanyola,Sí,Verda,1,01/07/2021: Platja dels Muntanyans (Torredembarra) (Tarragonès). Home de 75 anys de nacionalitat espanyola. Platja vigilada amb bandera verda.
08/07/2021,Platja de Gavà (Baix Llobregat,Baix Llobregat,Home,70,espanyola,Sí,Verda,1,08/07/2021: Platja de Gavà (Baix Llobregat). Home de 70 anys de nacionalitat espanyola. Platja vigilada amb bandera verda. Mor a l’hospital Moisès Brogi
08/07/2021,Platja de Gavà (Baix Llobregat,Baix Llobregat,Home,69,espanyola,Sí,Verda,1,08/07/2021: Platja de Gavà (Baix Llobregat). Home de 69 anys de nacionalitat espanyola. Platja vigilada amb bandera verda. Mor a l’Hospital de Bellvitge
10/07/2021,Platja de Santa Margarida (Roses,Alt Empordà,Home,71,espanyola,Sí,Verda,1,10/07/2021: Platja de Santa Margarida (Roses). Home de 71 anys de nacionalitat espanyola. Platja vigilada i bandera verda
13/07/2021,Platja del Masnou,Maresme,Dona,25,xinesa,Desconegut,Desconeguda,1,13/07/2021: Platja del Masnou. Dona de 25 anys de nacionalitat xinesa. Rescatada per Salvament Marítim i Guàrdia Civil.
17/07/2021,Platja d’Empuriabrava (Castelló d’Empúries – Alt Empordà,Alt Empordà,Home,70,francesa,Sí,Groga,1,17/07/2021: Platja d’Empuriabrava (Castelló d’Empúries – Alt Empordà). Home de 70 anys de nacionalitat francesa. RCP infructuosa. Platja vigilada i bandera groga
19/07/2021,Platja Llarga (Tarragona – Tarragonès,Tarragonès,Home,86,espanyola,Sí,Verda,1,19/07/2021: Platja Llarga (Tarragona – Tarragonès). Home de 86 anys de nacionalitat espanyola. Home tret de l’aigua pels socorristes. Maniobres RCP del SEM infructuoses. Platja vigilada i bandera verda.
25/07/2021,Platja del Far de Sant Cristòfol (Vilanova i la Geltrú,Garraf,Dona,68,desconeguda,Sí,Groga,1,25/07/2021: Platja del Far de Sant Cristòfol (Vilanova i la Geltrú). Dona de 68 anys espanyola. Platja vigilada i amb bandera groga
03/08/2021,Platja de la Llosa de Cambrils,Baix Camp,Home,78,holandesa,Sí,Verda,1,03/08/2021: Platja de la Llosa de Cambrils. Home de 78 anys holandès. Platja vigilada i bandera verda
04/08/2021,Platja de Riumar de Deltebre,Baix Ebre,Home,68,francesa,Sí,Verda,1,04/08/2021: Platja de Riumar de Deltebre. Homes de 68 anys francès. Platja vigilada i amb bandera verda
14/08/2021,Platja de Riells de l’Escala (Alt Empordà,Alt Empordà,Home,72,francesa,Sí,Verda,1,14/08/2021: Platja de Riells de l’Escala (Alt Empordà). Home de 72 anys francès. RCP infructuós. Platja vigilada i bandera verda
21/08/2021,Platja de Ponent de Salou (Tarragonès,Tarragonès,Home,62,espanyola,Servei de vigilància finalitzat,Verda,1,21/08/2021: Platja de Ponent de Salou (Tarragonès). Home de 62 anys de nacionalitat espanyola. Havia finalitzat el servei de vigilància de la platja i havia onejat bandera verda.
27/08/2021,Platja de S’Abanell de Blanes (Selva,Selva,Home,82,alemanya,Servei de vigilància finalitzat,Verda,1,27/08/2021: Platja de S’Abanell de Blanes (Selva). Home de 82 anys de nacionalitat alemanya. No havia començat el servei de vigilància de la platja i avui oneja bandera verda.
04/09/2021,Platja del Miracle de Tarragona (Tarragonès,Tarragonès,Dona,50,espanyola,Sí,Groga,1,04/09/2021: Platja del Miracle de Tarragona (Tarragonès). Dona de 50 anys de nacionalitat espanyola. Platja vigilada i amb bandera groga.
05/09/2021,Cala Cap de Planes de Palamós,Baix Empordà,Home,42,espanyola,No,Desconeguda,1,"05/09/2021: Cala Cap de Planes de Palamós, davant les Illes Formigues (Baix Empordà). Home de 42 anys de nacionalitat espanyola. Platja no vigilada."
05/09/2021,Platja del Pont del Petroli de Badalona (Barcelonès,Barcelonès,Home,34,georgiana,Sí,Verda,1,05/09/2021: Platja del Pont del Petroli de Badalona (Barcelonès). Home de 34 anys de nacionalitat  georgiana. Platja vigilada i amb bandera verda.
05/09/2021,Platja del Moll Grec de l’Escala (Alt Empordà,Alt Empordà,Home,73,espanyola,Sí,Verda,1,"05/09/2021: Platja del Moll Grec de l’Escala (Alt Empordà). Home de 73 anys de nacionalitat espanyola. Platja vigilada amb bandera verda. Traslladat en estat crític a l’hospital, on ha mort."
10/09/2021,Platja del Rastrell de Roses (Alt Empordà,Alt Empordà,Home,60,suïssa,Servei de vigilància finalitzat,Groga,1,10/09/2021: Platja del Rastrell de Roses (Alt Empordà). Home d’uns 60 anys i nacionalitat suïssa. Platja amb servei finalitzat i bandera groga
23/06/2020,Platja Somorrostro Barcelona,Barcelona,Home,89,espanyola,No havia començat,Desconeguda,1,23/06/2020: Platja Somorrostro Barcelona. Home de 89 anys de nacionalitat espanyola. El servei de vigilància no havia començat
29/06/2020,Platja de la Punta / De la Perola de Roses (Alt Empordà,Alt Empordà,Home,7,desconeguda,No havia començat,Desconeguda,1,29/06/2020: Platja de la Punta / De la Perola de Roses (Alt Empordà). Nen de 7 anys mort ofegat. El servei de vigilància encara no havia començat
29/06/2020,Platja de la Punta / De la Perola de Roses (Alt Empordà,Alt Empordà,Home,6,desconeguda,Desconegut,Desconeguda,1,29/06/2020: Platja de la Punta / De la Perola de Roses (Alt Empordà). Nen de 6 anys mort a l’hospital uns dies després.
03/07/2020,Cala Cau de Tamariu (Baix Empordà,Baix Empordà,Home,70,desconeguda,Sense servei de vigilància,Desconeguda,1,03/07/2020: Cala Cau de Tamariu (Baix Empordà). Home d’uns 70 anys mort ofegat. Platja sense servei de vigilància
03/07/2020,Platja de Les Delícies de Sant Carles de la Ràpita (Monts,Montsià,Home,78,desconeguda,sí,Verda,1,03/07/2020: Platja de Les Delícies de Sant Carles de la Ràpita (Montsià). Home de 78 anys. Servei de vigilància i bandera verda
11/07/2020,Platja de les Botigues de Sitges (Garraf,Garraf,Home,64,espanyola,Sí,Verda,1,11/07/2020: Platja de les Botigues de Sitges (Garraf). Home de 64 anys i nacionalitat espanyola. Platja vigilada i amb bandera verda
19/07/2020,Platja de Bellamar de Premià de Mar (Maresme,Maresme,Home,69,marroquina,Sí,Verda,1,19/07/2020: Platja de Bellamar de Premià de Mar (Maresme). Home de 69 anys de nacionalitat marroquina. Platja vigilada i amb bandera verda
25/07/2020,Cala Sant Jordi d’Alfama Ametlla de Mar (Baix Ebre,Baix Ebre,Home,75,desconeguda,Sí,Verda,1,25/07/2020: Cala Sant Jordi d’Alfama Ametlla de Mar (Baix Ebre). Home de 75 anys. Platja vigilada i bandera verda
26/07/2020,Platja Griells Estartit (Baix Empordà,Baix Empordà,Dona,66,espanyola,Sí,Verda,1,26/07/2020: Platja Griells Estartit (Baix Empordà). Dona espanyola de 66 anys ofegada. Platja vigilada i amb bandera verda
26/07/2020,Platja de l’Estartit (Baix Empordà,Baix Empordà,Dona,63,francesa,Sí,Verda,1,26/07/2020: Platja de l’Estartit (Baix Empordà). Dona francesa de 63 anys ofegada. Platja vigilada i amb bandera verda
27/07/2020,Zona de roques de l’Escala,Alt Empordà,Home,86,espanyola,Sense servei de vigilància,No,1,27/07/2020: Zona de roques de l’Escala (Alt Empordà). Home de 86 anys i nacionalitat espanyola. Zona no vigilada
01/08/2020,Platja de la Barra de Sitges (Garraf,Garraf,Home,60,desconeguda,Sí,Verda,1,Platja de la Barra de Sitges (Garraf). Home d’uns 60 anys mort. Platja vigilada i amb bandera verda
04/08/2020,Platja de la Móra de Tarragona (Tarragonès,Tarragonès,Home,35,desconeguda,No havia començat,Desconeguda,1,"Platja de la Móra de Tarragona (Tarragonès). Home d’uns 35 anys mort, probablement ofegat. Platja amb servei de vigilància, però encara no havia començat"
04/08/2020,Platja del Marjal de Les Cases d’Alcanar (Montsià,Montsià,Home,70,desconeguda,Sí,Verda,1,Platja del Marjal de Les Cases d’Alcanar (Montsià). Home d’uns 70 anys. Platja vigilada i amb bandera verda
04/08/2020,Platja Gran de Palamós (Baix Empordà,Baix Empordà,Dona,88,espanyola,Sí,Verda,1,Platja Gran de Palamós (Baix Empordà). Dona de 88 anys espanyola traslladada en estat crític a l’hospital Trueta de Girona. Ha mort de matinada. Platja vigilada i bandera verda
07/08/2020,Platja de les Madrigueres/Sanatori (El Vendrell,El Vendrell,Home,88,espanyola,Sí,Verda,1,Platja de les Madrigueres/Sanatori (El Vendrell). Home de 88 anys de nacionalitat espanyola. Platja vigilada i amb bandera verda
10/08/2020,Platja del Morer de Llançà (Alt Empordà,Alt Empordà,Home,75,espanyola,Sense servei de vigilància,Desconeguda,1,Platja del Morer de Llançà (Alt Empordà). Home de 75 anys i nacionalitat espanyola. Sense servei de vigilància
12/08/2020,Platja Mas Pinell de Torroella de Montgrí (Baix Empordà,Baix Empordà,Home,90,espanyola,Sí,Verda,1,Platja Mas Pinell de Torroella de Montgrí (Baix Empordà) Home de 90 anys i de nacionalitat espanyola. Platja vigilada amb bandera verda.
15/08/2020,Platja de la Pineda de Vila-seca (Tarragonès,Tarragonès,Home,80,espanyola,Sí,Verda,1,Platja de la Pineda de Vila-seca (Tarragonès). Home de 80 anys i de nacionalitat espanyola. Platja vigilada amb bandera verda.
15/08/2020,Platja Gran de Castell Platja d’Aro (Baix Empordà,Baix Empordà,Home,16,espanyola,Sí,Verda,1,Platja Gran de Castell Platja d’Aro (Baix Empordà). Home de 16 anys de nacionalitat espanyola. Platja vigilada amb bandera verda.
17/08/2020,Platja de la Mota de Sant Pere de Cubelles (Garraf,Garraf,Dona,84,espanyola,Sí,Verda,1,Platja de la Mota de Sant Pere de Cubelles (Garraf). Dona de 84 anys de nacionalitat espanyola. Platja vigilada amb bandera verda.
22/08/2020,Platja de l’Estació de Badalona (Barcelonès,Barcelonès,Home,10,desconeguda,Sí,Groga,1,22/08/2020 Platja de l’Estació de Badalona (Barcelonès). Home de 10 anys. Platja vigilada amb bandera groga. Traslladat en estat crític el 21/08 i mor a l’hospital de matinada.
22/08/2020,Platja de la Barra de Sitges (Garraf,Garraf,Home,60,desconeguda,Sí,Verda,1,22/08/2020 Platja de la Barra de Sitges (Garraf). Home. Uns seixanta anys. Platja vigilada amb bandera verda.
03/09/2020,Platja del Regueral de Cambrils (Baix Camp,Baix Camp,Dona,82,francesa,Sí,Verda,1,03/09/2020 Platja del Regueral de Cambrils (Baix Camp). Dona francesa de 82 anys. Platja vigilada i amb bandera verda
18/06/2019,Platja Salatar a Roses (Alt Empordà,Alt Empordà,Dona,76,anglesa,No havia començat,Desconeguda,1,18/06/2019: Platja Salatar a Roses (Alt Empordà) dona de 76 anys de nacionalitat anglesa (El servei de vigilància no havia començat).
23/06/2019,Platja del Regueral a Cambrils (Baix Camp,Baix Camp,Home,31,anglesa,Sí,Verda,1,23/06/2019: Platja del Regueral a Cambrils (Baix Camp) home de 31 anys de nacionalitat anglesa. Platja vigilada amb bandera verda onejant.
26/06/2019,Platja de les llumenetes a Castelldefels (Baix Llobregat,Baix Llobregat,Home,59,espanyola,Sí,Groga,1,26/06/2019: Platja de les llumenetes a Castelldefels (Baix Llobregat) home de 59 anys de nacionalitat espanyola. Platja vigilada amb bandera groga onejant.
27/06/2016,Platja Santa Margarida i el Salatar         a Roses (Alt,Alt Empordà,Dona,80,francesa,No havia començat,Desconeguda,1,27/06/2016: Platja Santa Margarida i el Salatar         a Roses (Alt Empordà) dona de 80 anys de nacionalitat francesa (El servei de vigilància no havia començat).
05/07/2019,Platja Santa Margarida a Roses (Alt Empordà,Alt Empordà,Home,61,francesa,Sí,Groga,1,05/07/2019: platja Santa Margarida a Roses (Alt Empordà) home de 61 anys de nacionalitat francesa. Platja vigilada amb bandera groga onejant.
07/07/2019,Platja de la Mota de Sant Pere  a Cubelles (Garraf,Garraf,Home,47,espanyola,Sense servei de vigilància,No,1,07/07/2019: Platja de la Mota de Sant Pere  a Cubelles (Garraf)         home de 47 anys de nacionalitat espanyola.        Platja no vigilada
15/07/2019,Cala de les Coves a Sitges         (Garraf,Garraf,Home,57,italiana,Sense servei de vigilància,No,1,15/07/2019: Cala de les Coves a Sitges         (Garraf) home de 57 anys de nacionalitat italiana. Platja no vigilada.
16/07/2019,Platja del Riuet a l’Escala (Alt Empordà,Alt Empordà,Home,51,belga,Sense servei de vigilància,No,1,16/07/2019: Platja del Riuet a l’Escala (Alt Empordà) home de 51 anys de nacionalitat belga. Platja no vigilada.
18/07/2019,Platja de Coma-ruga,Baix Penedès,Home,71,espanyola,Sí,Verda,1,"18/07/2019: Platja de Coma-ruga, el Vendrell (Baix Penedès). Home de 71 anys de nacionalitat espanyola. Platja vigilada. Bandera verda."
22/07/2019,Platja de la Porquerola a Mont-roig del Camp (Baix Camp,Baix Camp,Home,72,francesa,Sí,Groga,1,22/07/2019: Platja de la Porquerola a Mont-roig del Camp (Baix Camp). Home de 72 anys de nacionalitat francesa. Platja vigilada. Bandera        groga.
24/07/2019,Platja de Ribes Roges  de Vilanova i la Geltrú (Garraf,Garraf,Dona,86,espanyola,Sí,Verda,1,24/07/2019: Platja de Ribes Roges  de Vilanova i la Geltrú (Garraf). Dona de 86 anys de nacionalitat espanyola. Platja vigilada. Bandera verda.
28/07/2019,Platja del Garbet de Colera (Alt Empordà,Alt Empordà,Home,50,espanyola,Sense servei de vigilància,Desconeguda,1,28/07/2019: Platja del Garbet de Colera (Alt Empordà). Home de 50 anys de nacionalitat espanyola. Platja no vigilada. Dia de mala mar.
28/07/2019,Platja de la Móra de Tarragona (Tarragonès,Tarragonès,Home,62,marroquina,Servei de vigilància finalitzat,Vermella,1,28/07/2019: Platja de la Móra de Tarragona (Tarragonès). Home de 62 anys de nacionalitat marroquina. Platja vigilada però el servei de vigilància ja havia finalitzat. Durant el dia havia onejat la bandera vermella
30/07/2019,Platja del Rec del Molí de l’Escala (Alt Empordà,Alt Empordà,Dona,70,francesa,Sense servei de vigilància,No,1,30/07/2019: Platja del Rec del Molí de l’Escala (Alt Empordà). Dona de 70 anys de nacionalitat francesa. Platja no vigilada.
03/08/2019,Platja Llané Petit de Cadaqués (Alt Empordà,Alt Empordà,Home,45,francesa,Sense servei de vigilància,No,1,03/08/2019 Platja Llané Petit de Cadaqués (Alt Empordà). Home de 45 anys de nacionalitat francesa. Platja no vigilada.
06/08/2019,Platja Torre Valentina de Calonge (Baix Empordà,Baix Empordà,Home,88,espanyola,Sí,Verda,1,06/08/2019 Platja Torre Valentina de Calonge (Baix Empordà). Home de 88 anys de nacionalitat espanyola. Platja vigilada. Bandera verda.
09/08/2019,Platja de Muntanyans Torredembarra (Tarragonès,Tarragonès,Home,84,espanyola,Sí,Verda,1,09/08/2019 Platja de Muntanyans Torredembarra (Tarragonès). Home de 84 anys de nacionalitat espanyola. Platja vigilada. Bandera verda.
11/08/2019,Platja de l’Estartit,Baix Empordà,Home,78,espanyola,Sí,Verda,1,"11/08/2019 Platja de l’Estartit, a Torroella de Montgrí (Baix Empordà). Home de 78 anys de nacionalitat espanyola. Platja vigilada. Bandera verda."
17/08/2019,Platja de Garbí de Calella (Maresme,Maresme,Home,79,espanyola,Sí,Verda,1,17/08/2019 Platja de Garbí de Calella (Maresme). Home de 79 anys de nacionalitat espanyola. Platja vigilada. Bandera verda.
17/08/2019,Platja de Riells a l’Escala (Alt Empordà,Alt Empordà,Home,4,francesa,Sí,Verda,1,17/08/2019 Platja de Riells a l’Escala (Alt Empordà). Nen de 4 anys de nacionalitat francesa. Platja vigilada. Bandera verda
17/08/2019,Platja de Riells a l’Escala (Alt Empordà,Alt Empordà,Home,29,francesa,Sí,Verda,1,17/08/2019 Platja de Riells a l’Escala (Alt Empordà). Home de 29 anys de nacionalitat francesa. Pare del nen de 4 anys ofegat en el mateix incident. Platja vigilada. Bandera verda
19/08/2019,Platja de Sant Pol a Sant Feliu de Guíxols (Baix Empordà,Baix Empordà,Dona,86,espanyola,Sí,Verda,1,19/08/2019 Platja de Sant Pol a Sant Feliu de Guíxols (Baix Empordà). Dona de 86 anys i nacionalitat espanyola. Platja vigilada i amb bandera verda
21/08/2019,Platja Nova de Roses (Alt Empordà,Alt Empordà,Dona,68,espanyola,Servei de vigilància finalitzat,Groga,1,21/08/2019 Platja Nova de Roses (Alt Empordà). Dona de 68 anys i nacionalitat espanyola. Havia acabat l’horari de vigilància. Havia onejat la bandera groga per fort vent.
27/08/2019,Platja Segur de Calafell,Baix Penedès,Home,40,polonesa,Servei de vigilància finalitzat,Vermella,1,"27/08/2019 Platja Segur de Calafell, Calafell (Baix Penedès). Home de 40 anys de nacionalitat polonesa. Servei de vigilància finalitzat, tot i que durant el dia havia onejat la bandera vermella per mala mar. L’home havia entrat a rescatar a dues menors que van resultar il·leses. Mor a l’hospital el dia 29 agost"
01/09/2019,Platja de Calafell,Baix Penedès,Home,70,indocumentat,Sí,Verda,1,"01/09/2019 Platja de Calafell, Calafell (Baix Penedès). Home indocumentat però sembla que major de 70 anys. Hi havia servei de socorrisme i onejava la bandera verda."
03/09/2019,Platja de Capellans de Tarragona (tarragonès,tarragonès,Home,53,espanyola,Sí,Verda,1,03/09/2019 Platja de Capellans de Tarragona (tarragonès). Home espanyol de 53 anys ofegat (sembla que té antecedents cardíacs). Hi havia socorrisme i bandera verda
06/09/2019,Platja de l’Ardiaca de Cambrils (Baix Camp,Baix Camp,Home,75,espanyola,Sí,Groga,1,06/09/2019 platja de l’Ardiaca de Cambrils (Baix Camp). Home espanyol de 75 anys ofegat (possible atac de cor). Hi havia socorrisme i bandera groga per maregassa i vent
07/09/2019,Platja del Moll Grec de l’Escala (Alt Empordà,Alt Empordà,Dona,58,espanyola,Sí,Groga,1,07/09/2019 platja del Moll Grec de l’Escala (Alt Empordà). Dona espanyola de 58 anys ofegada. Servei de socorrisme i bandera groga per mar arrissada
14/09/2019,Platja del Port Olivet de l’Ametlla de Mar (Baix Ebre,Baix Ebre,Home,31,espanyola,Servei de vigilància finalitzat,Desconeguda,1,14/09/2019 platja del Port Olivet de l’Ametlla de Mar (Baix Ebre). Home espanyol de 31 anys. No hi havia servei de socorrisme (havia finalitzat la temporada de vigilància a la platja). Marejol a la zona.
19/06/2018,Zona banys termals Riuet de Comarruga,El Vendrell,Dona,81,espanyola,No havia començat,Desconeguda,1,"19/06 Zona banys termals Riuet de Comarruga. El Vendrell, Dona espanyola de 81 anys (Platja vigilada però encara no havia començat el Servei de Socorrisme)"
21/06/2018,Platja gran de l’Estartit a Torroella de Montgrí,Baix Empordà,Home,65,francesa,Sí,Verda,1,21/06 Platja gran de l’Estartit a Torroella de Montgrí. Home francès de 60-65 anys. (Platja Vigilada amb bandera verda)
22/06/2018,Platja de l’Arenal a Vandellòs i Hospitalet de l’Infant,Baix Camp,Home,77,espanyola,Sí,Verda,1,22/06 Platja de l’Arenal a Vandellòs i Hospitalet de l’Infant. Home espanyol de 77 anys. (Platja vigilada amb bandera verda)
02/07/2018,Platja Fosca de Palamós,Baix empordà,Home,80,espanyola,Sí,Groga,1,2/07 Platja Fosca de Palamós. Home espanyol de 70-80 anys. (Platja Vigilada i amb bandera groga)
12/07/2018,Platja de Calafell,Baix Penedès,Dona,68,espanyola,Sí,Verda,1,12/07 Platja de Calafell. Dona espanyola de 68 anys. (Platja vigilada i amb bandera verda)
14/07/2018,Platja de Torredembarra,Tarragonès,Home,75,espanyola,Sí,Groga,1,14/07 Platja de Torredembarra. Home espanyol de 75 anys. (Platja vigilada i amb bandera groga)
14/07/2018,Platja de les Anquines (Sitges),Garraf,Home,37,italiana,Sí,Verda,1,14/07 platja de les Anquines. Sitges. Home italià de 37 anys. (Platja vigilada i amb bandera verda)
15/07/2018,Platja de Coma-ruga,Baix Penedès,Home,10,Desconeguda,Sí,Verda,1,15/07 platja de Coma-ruga. Vendrell. Nen de 10 anys. (platja vigilada i amb bandera verda) (El nen va morir a l’hospital)
18/07/2018,Platja de Sant Feliu de Guíxols (Baix Empordà,Baix Empordà,Dona,88,espanyola,Sí,Verda,1,18/07 platja de Sant Feliu de Guíxols (Baix Empordà). Dona espanyola de 88 anys. (platja vigilada i amb bandera verda). (Mort a l’hospital al dia següent)
03/08/2018,Platja de Lloret de Mar (La Selva,Alt Empordà,Dona,74,espanyola,Sí,Verda,1,03/08 platja de Lloret de Mar (La Selva) Dona espanyola de 74 anys (platja vigilada i amb bandera verda)
06/08/2018,Platja de Vilafortuny de Cambrils (Baix Camp,Baix Camp,Dona,71,kosovar,Sí,Verda,1,06/08 platja de Vilafortuny de Cambrils (Baix Camp). Dona de 71 anys Kosovar (platja vigilada i bandera verda)
12/08/2018,Platja de les Filipines de Viladecans,Baix Llobregat,Home,48,espanyola,Sí,Groga,1,12/08 platja de les Filipines de Viladecans. Home espanyol de 48 anys (platja vigilada i bandera groga)
21/08/2018,Platja dels Muntanyans de Torredembarra,Tarragones,Home,86,espanyola,Sí,Verda,1,21/08 platja dels Muntanyans de Torredembarra. Home espanyol de 86 anys (platja vigilada i bandera verda)
23/08/2018,Platja del Port de la Selva,Alt Empordà,Home,78,francesa,Sí,Verda,1,23/08 platja del Port de la Selva. Home francès de 78 anys (platja vigilada i bandera verda)
24/08/2018,Platja Canyelles petites de Roses,Alt Empordà,Home,68,francesa,Sí,Verda,1,24/08 platja Canyelles petites de Roses. Home francès de 68 anys (platja vigilada i bandera verda)
30/08/2018,Platja de la Pellisseta de Roda de Berà,Tarragonès,Home,87,espanyola,Sí,Verda,1,30/08 platja de la Pellisseta de Roda de Berà. Home espanyol de 87 anys (platja vigilada i amb bandera verda)
11/09/2018,Port Ginesta de Sitges,Garraf,Home,17,marroquina,Sense servei de vigilància,No,1,11/09 Port Ginesta de Sitges. Home marroquí de 17 anys (zona no vigilada)
12/09/2018,Platja Llarga de Tarragona,Tarragonès,Home,66,francesa,Sí,Verda,1,12/09 platja Llarga de Tarragona. Home francès de 66 anys (platja vigilada i amb bandera verda
17/06/2017,Platja de Les Delícies a Sant Carles de la Ràpita,Montsià,Home,39,espanyola,No havia començat,Desconeguda,1,17/06/2017 Platja de Les Delícies a Sant Carles de la Ràpita. Home de 39 anys de nacionalitat espanyola. (El servei de vigilància no havia començat)
17/06/2017,Platja Gran a Castell Platja d'Aro,Baix Empordà,Dona,79,alemanya,Sí,Verda,1,17/06/2017 Platja Gran a Castell Platja d'Aro. Dona de 79 anys de nacionalitat alemanya. Platja vigilada i amb bandera verda.
17/06/2017,Platja de Roses  ,Alt Empordà,Home,80,francesa,Sí,Verda,1,17/06/2017 Platja de Roses (no tenim el nom de la platja). Home francès de 80 anys. (Platja vigilada i amb bandera verda).
19/06/2017,Platja Gran de Lloret de Mar,Alt Empordà,Home,46,espanyola,Servei de vigilància finalitzat,No,1,19/06/2017 Platja Gran de Lloret de Mar. Home de 46 anys de nacionalitat espanyola. (Servei de vigilància finalitzat).
24/06/2017,Cap de Sant Pere a Cambrils,Baix Camp,Home,31,russa,Sí,Verda,1,24/06/2017 Cap de Sant Pere a Cambrils. Home de 31 anys de nacionalitat russa. (Platja vigilada i amb bandera verda)
27/06/2017,Platja del Borró a Colera,Alt Empordà,Home,69,belga,Sense servei de vigilància,No,1,27/06/2017 Platja del Borró a Colera. Home de 69 anys de nacionalitat belga. (Platja no vigilada).
07/07/2017,Platja del Miracle de Tarragona,Tarragonès,Home,18,espanyola,Sí,Vermella,1,07/07/2017 Platja del Miracle de Tarragona. Home de 18 anys de nacionalitat espanyola. Platja vigilada i amb bandera vermella.
10/07/2017,Platja de l’Arrabassada de Tarragona,Tarragonès,Home,76,espanyola,No havia començat,Desconeguda,1,10/07/2017 Platja de l’Arrabassada de Tarragona. Home espanyol de 76 anys. El servei de vigilància encara no havia començat
12/07/2017,Platja Gran de Platja d'Aro,Baix Empordà,Home,67,espanyola,Sí,Verda,1,12/07/2017 Platja Gran de Platja d'Aro. Home de 67 anys de nacionalitat espanyola. (Platja vigilada i amb bandera verda).
13/07/2017,Platja Rubina de Castelló d’Empúries,Alt Empordà,Home,81,australiana,Sense servei de vigilància,No,1,13/07/2017 Platja Rubina de Castelló d’Empúries. Home de 81 anys de nacionalitat australiana. (Platja No vigilada).
18/07/2017,Platja Rastrell de Roses,Alt Empordà,Home,68,francesa,Sí,Groga,1,18/07/2017 Platja Rastrell de Roses. Home de 68 anys de nacionalitat francesa. (Platja vigilada i amb bandera groga).
20/07/2017,Platja Ibersol de Vilanova i la Geltrú,Garraf,Home,73,espanyola,Sí,Groga,1,20/07/2017 Platja Ibersol de Vilanova i la Geltrú. Home de 73 anys de nacionalitat espanyola. (Platja vigilada i amb bandera groga).
26/07/2017,Platja del Rec del Molí de L'Escala,Alt Empordà,Home,72,francesa,Sense servei de vigilància,No,1,26/07/2017 Platja del Rec del Molí de L'Escala. Home de 72 anys de nacionalitat francesa (Platja no vigilada)
29/07/2017,Cap sa sal de Begur,Baix Empordà,Home,86,francesa,Sense servei de vigilància,No,1,29/07/2017 Cap sa sal de Begur. Home de 86 anys de nacionalitat francesa. (Platja no vigilada)
03/08/2017,Platja del Sortell de Cadaqués,Alt Empordà,Dona,79,espanyola,Sense servei de vigilància,No,1,03/08/2017 Platja del Sortell de Cadaqués. Dona de 79      anys de nacionalitat espanyola. (Platja no vigilada)
06/08/2017,Platja de la Mota de Cubelles,Garraf,Home,56,espanyola,Sí,Verda,1,06/08/2017 Platja de la Mota de Cubelles. Home de 56 anys de nacionalitat espanyola. (Platja vigilada i amb bandera verda)
06/08/2017,Platja del Far de  Vilanova i la Geltrú,Garraf,Dona,17,marroquina,Servei de vigilància finalitzat,Verda,1,"06/08/2017 Platja del Far de  Vilanova i la Geltrú. Dona de 17 anys de nacionalitat marroquina. (Servei de vigilància ja finalitzat, durant  el dia la bandera havia sigut verda)"
07/08/2017,Platja Sant Pol de Sant Feliu de Guíxols,Baix Empordà,Home,79,espanyola,No havia començat,Desconeguda,1,07/08/2017 Platja Sant Pol de Sant Feliu de Guíxols. Home de 79 anys de nacionalitat espanyola (El servei de vigilància no havia començat)
07/08/2017,Platja Gran de Platja d'Aro,Baix Empordà,Home,41,italiana,Sí,Verda,1,07/08/2017 Platja Gran de Platja d'Aro. Home de 41 anys de nacionalitat italiana. (Platja vigilada i amb bandera verda)
08/08/2017,Platja Miracle de Tarragona,Tarragonès,Home,26,romanesa,Sí,Groga,1,08/08/2017 Platja Miracle de Tarragona. Home de 26 anys de nacionalitat romanesa (Platja vigilada i durant el dia havien tingut bandera groga i vermella per mala mar).
11/08/2017,Platja de la Barceloneta de Barcelona,Barcelonès,Home,57,espanyola,Sí,Verda,1,11/08/2017 platja de la Barceloneta de Barcelona. Home de 57 anys de nacionalitat espanyola. (Platja vigilada i amb bandera verda)
28/08/2017,Platja de la Barceloneta de Barcelona,Barcelonès,Home,77,espanyola,No havia començat,Desconeguda,1,28/08/2017 Platja Cristal de Vandellòs i Hospitalet de l'Infant. Home de 77 anys de nacionalitat espanyola. (El servei de vigilància encara no havia començat)
18/06/2016,Cases d'Alcanar,Montsià,Home,67,espanyola,Sense servei de vigilància,No,1,"18/06/2016: Cases d'Alcanar (Alcanar) (Montsià). Home de nacionalitat espanyola de 67 anys. Platja no Vigilada. (Cala no vigilada al costat de les Cases d'Alcanar, on hi havia bandera VERDA."
19/06/2016,Platja Cristall (Mont-roig del Camp,Baix Camp,Home,75,belga,Sí,Verda,1,19/06/2016: Platja Cristall (Mont-roig del Camp) (Baix Camp). Home de nacionalitat belga de 75 anys. Platja Vigilada. Bandera verda
19/06/2016,Platja Cristall (Mont-roig del Camp,Baix Camp,Dona,71,espanyola,Sí,Verda,1,19/06/2016: Platja Cristall (Mont-roig del Camp) (Baix Camp). Dona de nacionalitat espanyola de 71 anys. Plaja Vigilada. Bandera verda.
24/06/2016,Cal Cristià (Sant Pere Pescador),Alt Empordà,Home,60,espanyola,Sí,Verda,1,24/06/2016: Cal Cristià        (Sant Pere Pescador) (Alt Empordà). Home de nacionalitat espanyola de 60 anys. Platja vigilada. Bandera verda.
30/06/2016,Platja Somorrostro de Barcelona,Barcelonès,Dona,70,Desconeguda,Sí,Verda,1,30/06/2016: Platja Somorrostro de Barcelona. Dona d’uns 70 anys. Platja vigilada i bandera verda. Mor a l’hospital del Mar
25/07/2016,Platja de Ponent (Salou),Tarragonès,Home,79,espanyola,Sí,Groga,1,25/07/2016: Ponent (Salou) (Tarragonès). Home de nacionalitat espanyola de 79 anys. Platja vigilada. Bandera groga.
02/08/2016,Platja Gran (Cadaqués,Alt Empordà,Home,84,belga,Sense servei de vigilància,No,1,02/08/2016: Platja Gran (Cadaqués) (Alt Empordà). Home de nacionalitat belga de 84 anys. Platja no vigilada.
03/08/2016,Platja de la Pineda (Vila-seca),Tarragonès,Dona,73,alemanya,Sí,Verda,1,03/08/2016: Pineda (Vila-seca) (Tarragonès) Dona de nacionalitat alemanya de 73 anys. Platja vigilada. Bandera verda.
11/08/2016,Platja de la Gola de Torroella de Montgrí,Baix Empordà,Home,55,alamanya,Sense servei de vigilància,No,1,11/08/2016: platja de la Gola de Torroella de Montgrí. Home alemany de 55 anys. Platja no vigilada. Mor a l’hospital
12/08/2016,Cala Canyadell (Torredembarra,Tarragonès,Home,58,alemanya,Sí,Verda,1,12/08/2016: Cala Canyadell (Torredembarra) (Tarragonès) Home de nacionalitat alemanya de 58 anys. Platja vigilada. Bandera verda.
15/08/2016,Platja Palangrers de Roses,Alt Empordà,Home,71,espanyola,Sí,Verda,1,15/08/2016: Platja Palangrers de Roses. Home espanyol de 71 anys. Platja vigilada i bandera verda
30/08/2016,Platja Cala Font de Salou,Tarragonès,Home,80,russa,Sense servei de vigilància,No,1,30/08/2016: Platja Cala Font de Salou. Home rus de 80 anys. Platja no vigilada
03/09/2016,Platja de l’Almadrava de Roses,Alt Empordà,Dona,82,francesa,Sí,Verda,1,03/09/2016: Platja de l’Almadrava de Roses. Dona francesa de 82 anys. Platja vigilada i bandera verda
06/09/2016,Platja Mar Blau de Calafell,Baix Penedès,Home,71,espanyola,Sí,Verda,1,06/09/2016: Platja Mar Blau de Calafell. Home espanyol de 71 anys. Platja vigilada i bandera verda
07/09/2016,Cala Rovira de Castell-Platja d’Aro,Baix Empordà,Home,85,espanyola,Sí,Verda,1,07/09/2016: Cala Rovira de Castell-Platja d’Aro. Home espanyol de 85 anys. Platja vigilada i bandera verda.
08/09/2016,Platja de les Botigues de Sitges (Garraf,Garraf,Dona,75,Desconeguda,Sí,Verda,1,08/09/2016: Botigues (Sitges) (Garraf). Dona de 75 anys (no ens consta la nacionalitat). Platja vigilada. Bandera verda..
08/09/2016,Platja Menuda (Tossa de Mar),La Selva,Home,48,Desconeguda,Sí,Verda,1,08/09/2016: Menuda (Tossa de Mar) (Selva) Home de 48 anys (no ens consta la nacionalitat). Platja vigilada. Bandera verda.
11/09/2016,Avda. Rhode (Roses) ,Alt Empordà,Dona,53,francesa,Sí,Verda,1,11/09/2016: Avda. Rhode (Roses) (Alt Empordà) Dona de nacionalitat francesa de 53 anys. Platja vigilada. Bandera verda.
11/09/2016,Platja del Llevant (Salou),Tarragonès,Dona,65,francesa,Sí,Verda,1,11/09/2016: Llevant (Salou) (Tarragonès). Dona de nacionalitat        francesa de 65 anys. Platja vigilada amb bandera verda.
13/09/2016,Platja del Llevant (Salou),Tarragonès,Home,92,espanyola,Sí,Verda,1,13/09/2016: Llevant (Salou) (Tarragonès) Home de nacionalitat espanyola de 92 anys. Platja vigilada. Bandera verda.
20/06/2015,Platja sa Boadella (Lloret Mar,La Selva,Dona,48,espanyola,Sí,Verda,1,20/06/2015: Platja sa Boadella (Lloret Mar) (La Selva). D ona de nacionalitat espanyola de 48 anys. Platja vigilada. Bandera verda.
29/06/2015,Platja de Malgrat ,Maresme,Home,70,Desconeguda,Sí,Verda,1,29/06/2015: Malgrat centre (Malgrat de Mar) (Maresme): Home de 70 anys (no ens consta la nacionalitat). Platja vigilada. Bandera verda
01/07/2015,Platja la Madriguera (Vendrell,Baix Penedès,Home,84,espanyola,Sí,Verda,1,01/07/2015: Platja la Madriguera (Vendrell) (Baix Penedès) Home de nacionalitat espanyola de 84 anys. Platja vigilada. Bandera verda.
01/07/2015,Platja Riells (l'Escala,Alt Empordà,Home,67,espanyola,Sí,Verda,1,01/07/2015: Platja Riells (l'Escala) (Alt Empordà) Home de nacionalitat espanyola de 67 anys. Platja vigilada. Bandera Verda
06/07/2015,Platja Barca Maria (Badalona,Barcelonès,Home,70,Desconeguda,Sí,Verda,1,06/07/2015: Platja Barca Maria (Badalona) (Barcelonès) Home de 70 anys (no ens consta nacionalitat). Platja vigilada. Bandera verda.
12/07/2015,Platja de la Ribera        (Sitges,Garraf,Home,desconeguda,surcoreana,Sí,Verda,1,12/07/2015: Platja de la Ribera        (Sitges)        (Garraf) Home de nacionalitat surcoreana. Platja vigilada. Bandera verda.
13/07/2015,Platja Pixavaques (l’Ametlla de Mar,Baix Ebre,Home,50,britànica,Sí,Verda,1,13/07/2015: Platja Pixavaques (l’Ametlla de Mar) (Baix Ebre) Home de nacionalitat britànica de 50 anys. Platja vigilada. Bandera verda.
15/07/2015,Platja Santa Margarida de Roses,Alt Empordà,Home,62,espanyola,Servei de vigilància finalitzat,Desconeguda,1,15/07/2015: Platja Santa Margarida de Roses. Home espanyol de 62 anys. Mort fora l’horari de vigilància
22/07/2015,Platja Llevant (Salou,Tarragonès,Dona,64,espanyola,Servei de vigilància finalitzat,Desconeguda,1,22/07/2015: Platja Llevant (Salou) (Tarragonès) Dona de nacionalitat espanyola de 64 anys. Platja vigilada. Ja havia finalitzat el servei de socorrisme.
23/07/2015,Sa Caleta (Lloret Mar,La Selva,Home,78,espanyola,Sí,Verda,1,23/07/2015: Sa Caleta (Lloret Mar) (la Selva) Home de nacionalitat espanyola de 78 anys. Platja vigilada. Bandera verda.
25/07/2015,Platja de Sant Sebastà (Sitges),Garraf,Home,53,espanyola,Sí,Groga,1,25/07/2015: Sant Sebastià (Sitges) (Garraf)        Home de nacionalitat espanyola de 53 anys. Platja vigilada. Bandera groga.
30/07/2015,Platja Capellans (Tarragona,Tarragonès,Dona,48,Desconeguda,No consta,No consta,1,30/07/2015: Platja Capellans (Tarragona) (Tarragonès) Dona de 48 anys (no consta nacionalitat (no consten dades de vigilància ni bandera)
30/07/2015,Platja de Llevant (Cunit,Baix Penedès,Dona,84,espanyola,Sí,Groga,1,30/07/2015: Platja de Llevant (Cunit) (Baix Penedès) Dona de nacionalitat espanyola de 84 anys. Platja vigilada. Bandera groga.
03/08/2015,Platja de Sant Salvador (El Vendrell,Baix Penedès,Home,80,espanyola,Sí,Groga,1,03/08/2015: Platja de Sant Salvador (El Vendrell) (Baix Penedès) Home de nacionalitat espanyola de 80 anys. Platja vigilada. Bandera groga.
15/08/2015,Cala Salionç (Tossa de Mar,La Selva,Home,70,espanyola,Sí,Verda,1,15/08/2015: Cala Salionç (Tossa de Mar) (La Selva) Home de nacionalitat espanyola de 70 anys. Platja vigilada. Bandera verda.
30/08/2015,Cala Roca Plana (Tarragona,Tarragonès,Home,45,espanyola,Sense servei de vigilància,No,1,30/08/2015: Cala Roca Plana (Tarragona) (Tarragonès)Home de nacionalitat espanyola de 45 anys. Platja no vigilada.
01/09/2015,Platja de Santa Margarida (Roses,Alt Empordà,Home,74,alemanya,Sense servei de vigilància,No,1,01/09/2015: Santa Margarida (Roses) (Alt Empordà)Home de nacionalitat alemanya de 74 anys. Platja no vigilada.
01/09/2015,Platja de Gavà,Baix Llobregat,Home,68,espanyola,Sí,Verda,1,01/09/2015: Gavà (Gavà) (Baix Llobregat) Home de nacionalitat espanyola de 68 anys. Platja vigilada. Bandera verda.
01/09/2015,Platja de l'Arrabassada,Tarragonès,Home,54,espanyola,Sí,Desconeguda,1,01/09/2015: Arrabassada (Tarragona) (Tarragonès) Home de nacionalitat espanyola de 54 anys. Platja vigilada. No consta color de la bandera.
02/09/2015,Cala Roca Plana (Tarragona,Tarragonès,Dona,48,espanyola,Sense servei de vigilància,No,1,02/09/2015: Cala Roca Plana (Tarragona) (Tarragonès)        Dona de nacionalitat espanyola de 48 anys. Platja no vigilada.
05/09/2015,Platja de Calafell (Baix Penedès),Baix Penedès,Dona,75,alemanya,Sí,Groga,1,05/09/2015: Calafell (Baix Penedès) Dona de nacionalitat alemanya de  75 anys. Platja vigilada. Bandera groga.